Time, Seller, Reward Winner, TokenId, Mint Price ETH, Selling Price ETH, Up Sold, Royalty, Reward
2021-05-23T00:10:15.000Z, '0x0544fbed9b72aa036517b21d1db50201a17d09ce', '0x0544fbed9b72aa036517b21d1db50201a17d09ce', 9355, 0.08, 0.45, 562.5%, 50%, 0.0225 
2021-05-23T00:25:45.000Z, '0x813ec5facf289bd41365a8f1c9038a1228e95201', '0x813ec5facf289bd41365a8f1c9038a1228e95201', 3437, 0.08, 0.47, 587.5%, 50%, 0.0235 
2021-05-23T00:27:13.000Z, '0x4500b3da96a716c14bf8a35d0de8c9d43d75a865', '0x4500b3da96a716c14bf8a35d0de8c9d43d75a865', 3381, 0.08, 0.357547627578002587, 446.93453447250323%, 50%, 0.01787738137890013 
2021-05-23T01:27:37.000Z, '0x69bab6810fa99475854bca0a3dd72ae6a0728ece', '0x69bab6810fa99475854bca0a3dd72ae6a0728ece', 7596, 0.08, 0.3888, 486.00000000000006%, 50%, 0.01944 
2021-05-23T01:55:51.000Z, '0xe7ba4861dab7fa95ae5fb8227de310133ca56a29', '0xe7ba4861dab7fa95ae5fb8227de310133ca56a29', 3823, 0.08, 0.45, 562.5%, 50%, 0.0225 
2021-05-23T02:00:09.000Z, '0x69bab6810fa99475854bca0a3dd72ae6a0728ece', '0x69bab6810fa99475854bca0a3dd72ae6a0728ece', 2151, 0.08, 0.5998, 749.75%, 50%, 0.02999 
2021-05-23T02:05:09.000Z, '0x184dfd1197187c8ffc88da905fbacd31b739fa41', '0x184dfd1197187c8ffc88da905fbacd31b739fa41', 3310, 0.08, 0.4, 500%, 50%, 0.02 
2021-05-23T02:42:22.000Z, '0x167539702b5501aadd9b0b85e53532fd57cc71a9', '0x167539702b5501aadd9b0b85e53532fd57cc71a9', 8041, 0.08, 0.44, 550%, 50%, 0.022 
2021-05-23T02:50:11.000Z, '0xc2352b1bb2115074b4c13a529b2c221e118d9817', '0xc2352b1bb2115074b4c13a529b2c221e118d9817', 6990, 0.08, 0.32, 400%, 50%, 0.016 
2021-05-23T03:15:38.000Z, '0x813ec5facf289bd41365a8f1c9038a1228e95201', '0x813ec5facf289bd41365a8f1c9038a1228e95201', 2600, 0.08, 0.43, 537.5%, 50%, 0.0215 
2021-05-23T03:16:13.000Z, '0x27f4f8abffd79ed52fea07127f780b79e17723f8', '0x27f4f8abffd79ed52fea07127f780b79e17723f8', 4280, 0.08, 0.75, 937.5%, 50%, 0.0375 
2021-05-23T03:22:22.000Z, '0x177d902f15c55b4cd40b294836b846f40694b4d9', '0x177d902f15c55b4cd40b294836b846f40694b4d9', 842, 0.08, 0.63, 787.5%, 50%, 0.0315 
2021-05-23T03:34:49.000Z, '0xd387a6e4e84a6c86bd90c158c6028a58cc8ac459', '0xd387a6e4e84a6c86bd90c158c6028a58cc8ac459', 1853, 0.08, 0.45, 562.5%, 50%, 0.0225 
2021-05-23T03:45:45.000Z, '0xe57c7007e3de62c648bc1238b8017e716d9ed0d6', '0xe57c7007e3de62c648bc1238b8017e716d9ed0d6', 4199, 0.08, 0.4, 500%, 50%, 0.02 
2021-05-23T03:48:47.000Z, '0x184dfd1197187c8ffc88da905fbacd31b739fa41', '0x184dfd1197187c8ffc88da905fbacd31b739fa41', 4027, 0.08, 0.4, 500%, 50%, 0.02 
2021-05-23T04:21:55.000Z, '0x0ca3a3b144148642f68b88bded521ce637db8f3e', '0x0ca3a3b144148642f68b88bded521ce637db8f3e', 6982, 0.08, 0.3666, 458.24999999999994%, 50%, 0.01833 
2021-05-23T04:40:34.000Z, '0xa32fcc1b3d4e2b597cf626f98228e68b63ef46f0', '0xa32fcc1b3d4e2b597cf626f98228e68b63ef46f0', 9636, 0.08, 0.5949, 743.625%, 50%, 0.029745 
2021-05-23T05:03:07.000Z, '0xdb4df088e85e5d66d2d2ab451d5ead618c124305', '0xdb4df088e85e5d66d2d2ab451d5ead618c124305', 7561, 0.08, 0.36, 450%, 50%, 0.018 
2021-05-23T05:15:41.000Z, '0xd5a9c4a92dde274e126f82b215fccb511147cd8e', '0xd5a9c4a92dde274e126f82b215fccb511147cd8e', 3651, 0.08, 0.398, 497.49999999999994%, 50%, 0.0199 
2021-05-23T05:43:24.000Z, '0xd5a9c4a92dde274e126f82b215fccb511147cd8e', '0xd5a9c4a92dde274e126f82b215fccb511147cd8e', 3653, 0.08, 0.349, 436.25%, 50%, 0.01745 
2021-05-23T05:51:17.000Z, '0x6806232ef50fe8713826012116b6dec3b24b686f', '0x6806232ef50fe8713826012116b6dec3b24b686f', 5542, 0.08, 0.369, 461.25%, 50%, 0.01845 
2021-05-23T05:53:29.000Z, '0x35f0686c63f50707ea3b5bace186938e4e19f03a', '0x35f0686c63f50707ea3b5bace186938e4e19f03a', 6942, 0.08, 0.54, 675%, 50%, 0.027 
2021-05-23T06:05:03.000Z, '0x44b12d1a822d546df7e3aa1c4c923f31498b7039', '0x44b12d1a822d546df7e3aa1c4c923f31498b7039', 8842, 0.08, 0.7, 875%, 50%, 0.035 
2021-05-23T06:12:10.000Z, '0xcc47fcbfdd6e558fb39cf5ef4d92e59890476b86', '0xcc47fcbfdd6e558fb39cf5ef4d92e59890476b86', 5368, 0.08, 0.89, 1112.5%, 50%, 0.0445 
2021-05-23T06:24:11.000Z, '0xf7adc901c921ca4eecc0f95a26aec81dacf57620', '0xf7adc901c921ca4eecc0f95a26aec81dacf57620', 2343, 0.08, 0.5, 625%, 50%, 0.025 
2021-05-23T06:30:28.000Z, '0xd387a6e4e84a6c86bd90c158c6028a58cc8ac459', '0xd387a6e4e84a6c86bd90c158c6028a58cc8ac459', 4002, 0.08, 0.35, 437.5%, 50%, 0.0175 
2021-05-23T06:31:15.000Z, '0xd387a6e4e84a6c86bd90c158c6028a58cc8ac459', '0xd387a6e4e84a6c86bd90c158c6028a58cc8ac459', 2762, 0.08, 0.35, 437.5%, 50%, 0.0175 
2021-05-23T06:32:01.000Z, '0xd387a6e4e84a6c86bd90c158c6028a58cc8ac459', '0xd387a6e4e84a6c86bd90c158c6028a58cc8ac459', 4620, 0.08, 0.35, 437.5%, 50%, 0.0175 
2021-05-23T06:32:01.000Z, '0xd387a6e4e84a6c86bd90c158c6028a58cc8ac459', '0xd387a6e4e84a6c86bd90c158c6028a58cc8ac459', 5638, 0.08, 0.413, 516.25%, 50%, 0.02065 
2021-05-23T06:32:14.000Z, '0xd387a6e4e84a6c86bd90c158c6028a58cc8ac459', '0xd387a6e4e84a6c86bd90c158c6028a58cc8ac459', 5796, 0.08, 1, 1250%, 50%, 0.05 
2021-05-23T06:33:41.000Z, '0xd387a6e4e84a6c86bd90c158c6028a58cc8ac459', '0xd387a6e4e84a6c86bd90c158c6028a58cc8ac459', 2381, 0.08, 0.385, 481.25%, 50%, 0.01925 
2021-05-23T06:37:07.000Z, '0xd387a6e4e84a6c86bd90c158c6028a58cc8ac459', '0xd387a6e4e84a6c86bd90c158c6028a58cc8ac459', 4822, 0.08, 0.37, 462.5%, 50%, 0.0185 
2021-05-23T06:48:28.000Z, '0xc0aae84f746dc46936af3445c2a05a4413da9a95', '0xc0aae84f746dc46936af3445c2a05a4413da9a95', 6834, 0.08, 0.4, 500%, 50%, 0.02 
2021-05-23T06:52:30.000Z, '0x4f4715ca99c973a55303bc4a5f3e3acbb9ff75db', '0x4f4715ca99c973a55303bc4a5f3e3acbb9ff75db', 8536, 0.08, 0.36, 450%, 50%, 0.018 
2021-05-23T07:08:35.000Z, '0xf3ec442f4bea565cfdc63fb279bbe08aa78e407d', '0xf3ec442f4bea565cfdc63fb279bbe08aa78e407d', 5290, 0.08, 0.375, 468.75%, 50%, 0.01875 
2021-05-23T07:33:07.000Z, '0x9a45c441a2b384a92cd65dfc144da8518ec05ae3', '0x9a45c441a2b384a92cd65dfc144da8518ec05ae3', 5098, 0.08, 0.65, 812.5%, 50%, 0.0325 
2021-05-23T07:38:09.000Z, '0x7d935fb77f7f1ae608f5ef535a347e8b9965bc99', '0x7d935fb77f7f1ae608f5ef535a347e8b9965bc99', 5125, 0.08, 0.725, 906.25%, 50%, 0.03625 
2021-05-23T07:47:16.000Z, '0xd387a6e4e84a6c86bd90c158c6028a58cc8ac459', '0xd387a6e4e84a6c86bd90c158c6028a58cc8ac459', 1922, 0.08, 0.4, 500%, 50%, 0.02 
2021-05-23T09:02:58.000Z, '0xb32611a21beeacb2fed76350e3b77b79f05d0083', '0xb32611a21beeacb2fed76350e3b77b79f05d0083', 7226, 0.08, 0.49, 612.5%, 50%, 0.0245 
2021-05-23T09:50:57.000Z, '0xadbc69b07b839ca353177b5a22013b30624d2dc5', '0xadbc69b07b839ca353177b5a22013b30624d2dc5', 5589, 0.08, 0.75, 937.5%, 50%, 0.0375 
2021-05-23T10:14:27.000Z, '0x4a7c6899cdcb379e284fbfd045462e751da4c7ce', '0x4a7c6899cdcb379e284fbfd045462e751da4c7ce', 3974, 0.08, 0.35, 437.5%, 50%, 0.0175 
2021-05-23T10:16:44.000Z, '0xd387a6e4e84a6c86bd90c158c6028a58cc8ac459', '0xd387a6e4e84a6c86bd90c158c6028a58cc8ac459', 2494, 0.08, 0.4, 500%, 50%, 0.02 
2021-05-23T11:37:03.000Z, '0xbb403d793dda52f8512950953771b7c341086120', '0xbb403d793dda52f8512950953771b7c341086120', 2956, 0.08, 0.4, 500%, 50%, 0.02 
2021-05-23T11:56:38.000Z, '0x25005b3f6402ab7f5e4f8cb293a50a9020aadc99', '0x25005b3f6402ab7f5e4f8cb293a50a9020aadc99', 7883, 0.08, 0.3998, 499.74999999999994%, 50%, 0.01999 
2021-05-23T13:53:51.000Z, '0x7a37a180b143bf8b9b3875c0dcdbc6bca5b0050f', '0x7a37a180b143bf8b9b3875c0dcdbc6bca5b0050f', 9830, 0.08, 0.65, 812.5%, 50%, 0.0325 
2021-05-23T14:31:23.000Z, '0x9a45c441a2b384a92cd65dfc144da8518ec05ae3', '0x9a45c441a2b384a92cd65dfc144da8518ec05ae3', 8108, 0.08, 0.8, 1000%, 50%, 0.04 
2021-05-23T15:37:54.000Z, '0x69bab6810fa99475854bca0a3dd72ae6a0728ece', '0x69bab6810fa99475854bca0a3dd72ae6a0728ece', 4839, 0.08, 0.4888, 611%, 50%, 0.02444 
2021-05-23T17:16:30.000Z, '0x95e8a4792d7e5bf6ce3973184400cc9c37b6ae67', '0x95e8a4792d7e5bf6ce3973184400cc9c37b6ae67', 4847, 0.08, 0.38, 475%, 50%, 0.019 
2021-05-23T17:16:32.000Z, '0x5b04bee3d8abaebbc7a579384f0ce423553ec07f', '0x5b04bee3d8abaebbc7a579384f0ce423553ec07f', 378, 0.08, 0.75, 937.5%, 50%, 0.0375 
2021-05-23T17:37:01.000Z, '0x539ff8b44f0bcdf8effb875cb1f6e12382e4cda2', '0x539ff8b44f0bcdf8effb875cb1f6e12382e4cda2', 9816, 0.08, 0.28, 350%, 50%, 0.014 
2021-05-23T18:22:33.000Z, '0xd387a6e4e84a6c86bd90c158c6028a58cc8ac459', '0xd387a6e4e84a6c86bd90c158c6028a58cc8ac459', 4016, 0.08, 0.55, 687.5%, 50%, 0.0275 
2021-05-23T18:30:14.000Z, '0x4686e9e0bd23fc2a363d639dc00b1212e6be7dc7', '0x4686e9e0bd23fc2a363d639dc00b1212e6be7dc7', 8631, 0.08, 0.35, 437.5%, 50%, 0.0175 
2021-05-23T18:39:19.000Z, '0x442dccee68425828c106a3662014b4f131e3bd9b', '0x442dccee68425828c106a3662014b4f131e3bd9b', 2785, 0.08, 0.98, 1225%, 50%, 0.049 
2021-05-23T19:10:58.000Z, '0x813ec5facf289bd41365a8f1c9038a1228e95201', '0x813ec5facf289bd41365a8f1c9038a1228e95201', 3860, 0.08, 0.43, 537.5%, 50%, 0.0215 
2021-05-23T19:27:38.000Z, '0x813ec5facf289bd41365a8f1c9038a1228e95201', '0x813ec5facf289bd41365a8f1c9038a1228e95201', 8064, 0.08, 0.48, 600%, 50%, 0.024 
2021-05-23T19:55:20.000Z, '0x187a11a32d3d6a2e7097fe3c433850226b89914a', '0x187a11a32d3d6a2e7097fe3c433850226b89914a', 4186, 0.08, 0.39, 487.5%, 50%, 0.0195 
2021-05-23T20:26:03.000Z, '0xc7daff430efad15679f8bb53530debee0308eb1b', '0xbb403d793dda52f8512950953771b7c341086120', 2956, 0.08, 0.5, 625%, 50%, 0.025 
2021-05-23T20:38:35.000Z, '0xd5a9c4a92dde274e126f82b215fccb511147cd8e', '0xd5a9c4a92dde274e126f82b215fccb511147cd8e', 3659, 0.08, 0.379, 473.75%, 50%, 0.01895 
2021-05-23T21:02:25.000Z, '0x69bab6810fa99475854bca0a3dd72ae6a0728ece', '0x69bab6810fa99475854bca0a3dd72ae6a0728ece', 5678, 0.08, 0.3655, 456.87499999999994%, 50%, 0.018275 
2021-05-23T21:30:41.000Z, '0x1add18a1643caf074711e40b2afaf73354d1f743', '0x1add18a1643caf074711e40b2afaf73354d1f743', 8744, 0.08, 0.3863, 482.87500000000006%, 50%, 0.019315 
2021-05-23T22:10:47.000Z, '0xd3d360bfa8b20252a6f06ad59d3cbbe13e57d335', '0xd3d360bfa8b20252a6f06ad59d3cbbe13e57d335', 5493, 0.08, 0.345, 431.25%, 50%, 0.01725 
2021-05-23T22:13:05.000Z, '0xa32fcc1b3d4e2b597cf626f98228e68b63ef46f0', '0xa32fcc1b3d4e2b597cf626f98228e68b63ef46f0', 8284, 0.08, 0.7499, 937.3749999999999%, 50%, 0.037495 
2021-05-23T22:14:55.000Z, '0x53fed1eb683745352886a363cc0b6e3415824ec8', '0x53fed1eb683745352886a363cc0b6e3415824ec8', 3966, 0.08, 0.4999, 624.875%, 50%, 0.024995 
2021-05-23T22:45:57.000Z, '0xadbc69b07b839ca353177b5a22013b30624d2dc5', '0xadbc69b07b839ca353177b5a22013b30624d2dc5', 5582, 0.08, 0.37, 462.5%, 50%, 0.0185 
2021-05-23T23:01:44.000Z, '0xd5a9c4a92dde274e126f82b215fccb511147cd8e', '0xd5a9c4a92dde274e126f82b215fccb511147cd8e', 3657, 0.08, 0.449, 561.25%, 50%, 0.02245 
2021-05-23T23:02:37.000Z, '0xf44587ffd04b0dcaa7e7138d2b56082b83b75cb0', '0xf44587ffd04b0dcaa7e7138d2b56082b83b75cb0', 2667, 0.08, 0.5, 625%, 50%, 0.025 
2021-05-23T23:02:37.000Z, '0x69bab6810fa99475854bca0a3dd72ae6a0728ece', '0x69bab6810fa99475854bca0a3dd72ae6a0728ece', 7767, 0.08, 0.3888, 486.00000000000006%, 50%, 0.01944 
2021-05-23T23:03:13.000Z, '0xbfadff92855cbb45495df33e45d91170e478b2b5', '0xbfadff92855cbb45495df33e45d91170e478b2b5', 8752, 0.08, 0.58, 725%, 50%, 0.029 
2021-05-23T23:08:03.000Z, '0x4f4715ca99c973a55303bc4a5f3e3acbb9ff75db', '0x4f4715ca99c973a55303bc4a5f3e3acbb9ff75db', 8772, 0.08, 0.39, 487.5%, 50%, 0.0195 
2021-05-23T23:09:09.000Z, '0x32a88f097056c773569abb6a3cf8d88228466e00', '0x32a88f097056c773569abb6a3cf8d88228466e00', 1022, 0.08, 0.72, 900%, 50%, 0.036 
2021-05-23T23:58:15.000Z, '0xc948454951290bbb83e6d56e6fee5e9653750e7f', '0xc948454951290bbb83e6d56e6fee5e9653750e7f', 9134, 0.08, 0.7, 875%, 50%, 0.035 
2021-05-24T00:04:16.000Z, '0xa2274adca3bb9eb790abe74dcc6a6593126f071c', '0xa2274adca3bb9eb790abe74dcc6a6593126f071c', 8137, 0.08, 0.54, 675%, 50%, 0.027 
2021-05-24T00:38:16.000Z, '0x527d968af4283f20924c2e5b8dff867aab566478', '0x527d968af4283f20924c2e5b8dff867aab566478', 7188, 0.08, 0.49, 612.5%, 50%, 0.0245 
2021-05-24T00:39:21.000Z, '0x9499054d02a725316d61fa896c29d58550ee4a5b', '0x9499054d02a725316d61fa896c29d58550ee4a5b', 5550, 0.08, 0.5, 625%, 50%, 0.025 
2021-05-24T00:50:39.000Z, '0x059b738209b28f91d42e0f44746a47e8d2dbd266', '0x059b738209b28f91d42e0f44746a47e8d2dbd266', 3973, 0.08, 0.41, 512.5%, 50%, 0.0205 
2021-05-24T00:51:40.000Z, '0xf41fa837908c0318a9a2b739c8fb990bfd4ac8a7', '0xf41fa837908c0318a9a2b739c8fb990bfd4ac8a7', 282, 0.08, 0.5, 625%, 50%, 0.025 
2021-05-24T00:54:55.000Z, '0x36f9b64d012156ac91cc8faa1fa86333d7ab97f4', '0x36f9b64d012156ac91cc8faa1fa86333d7ab97f4', 7193, 0.08, 0.395, 493.75%, 50%, 0.01975 
2021-05-24T00:56:03.000Z, '0xd387a6e4e84a6c86bd90c158c6028a58cc8ac459', '0xd387a6e4e84a6c86bd90c158c6028a58cc8ac459', 2463, 0.08, 0.575, 718.75%, 50%, 0.02875 
2021-05-24T00:58:15.000Z, '0xadfdc054beb2336576a1be1010e32755a9d38346', '0xadfdc054beb2336576a1be1010e32755a9d38346', 7792, 0.08, 0.55, 687.5%, 50%, 0.0275 
2021-05-24T01:04:00.000Z, '0xd7f5663e7e93f0c1fb9347c9aef4a17f23522a37', '0xd7f5663e7e93f0c1fb9347c9aef4a17f23522a37', 7388, 0.08, 0.4, 500%, 50%, 0.02 
2021-05-24T01:07:12.000Z, '0xcfc9e5258a8773cea0440077779a17096a045bf2', '0xcfc9e5258a8773cea0440077779a17096a045bf2', 1132, 0.08, 0.45, 562.5%, 50%, 0.0225 
2021-05-24T01:10:06.000Z, '0x8928b26de9ecc59cacdba095c6ed6237f48ddbd2', '0x8928b26de9ecc59cacdba095c6ed6237f48ddbd2', 7170, 0.08, 0.57, 712.5%, 50%, 0.0285 
2021-05-24T01:13:18.000Z, '0xd5a771da32a392036a98f7da6b11d46d6d1c61f9', '0xd5a771da32a392036a98f7da6b11d46d6d1c61f9', 3890, 0.08, 0.69, 862.5%, 50%, 0.0345 
2021-05-24T01:18:58.000Z, '0xd387a6e4e84a6c86bd90c158c6028a58cc8ac459', '0xd387a6e4e84a6c86bd90c158c6028a58cc8ac459', 5993, 0.08, 0.4, 500%, 50%, 0.02 
2021-05-24T01:38:02.000Z, '0xd387a6e4e84a6c86bd90c158c6028a58cc8ac459', '0xd387a6e4e84a6c86bd90c158c6028a58cc8ac459', 5499, 0.08, 0.4, 500%, 50%, 0.02 
2021-05-24T02:03:16.000Z, '0xaf49a9d6c202d6aea7277adf765096e6191a981e', '0xaf49a9d6c202d6aea7277adf765096e6191a981e', 8183, 0.08, 1.7, 2125%, 50%, 0.085 
2021-05-24T02:08:34.000Z, '0xd387a6e4e84a6c86bd90c158c6028a58cc8ac459', '0xd387a6e4e84a6c86bd90c158c6028a58cc8ac459', 4827, 0.08, 0.4, 500%, 50%, 0.02 
2021-05-24T02:31:23.000Z, '0x813ec5facf289bd41365a8f1c9038a1228e95201', '0x813ec5facf289bd41365a8f1c9038a1228e95201', 6930, 0.08, 0.49, 612.5%, 50%, 0.0245 
2021-05-24T02:35:20.000Z, '0x514b1861561fddf86baf8462e001a1584e1b7b83', '0x514b1861561fddf86baf8462e001a1584e1b7b83', 4986, 0.08, 0.2441, 305.125%, 50%, 0.012205 
2021-05-24T02:37:11.000Z, '0x514b1861561fddf86baf8462e001a1584e1b7b83', '0x514b1861561fddf86baf8462e001a1584e1b7b83', 4992, 0.08, 0.2441, 305.125%, 50%, 0.012205 
2021-05-24T02:38:25.000Z, '0x514b1861561fddf86baf8462e001a1584e1b7b83', '0x514b1861561fddf86baf8462e001a1584e1b7b83', 4505, 0.08, 0.25, 312.5%, 50%, 0.0125 
2021-05-24T02:39:30.000Z, '0x514b1861561fddf86baf8462e001a1584e1b7b83', '0x514b1861561fddf86baf8462e001a1584e1b7b83', 6911, 0.08, 0.2441, 305.125%, 50%, 0.012205 
2021-05-24T02:50:52.000Z, '0x7a139127ea61a1e4ea83affc32b79aa25e681f3a', '0x7a139127ea61a1e4ea83affc32b79aa25e681f3a', 4956, 0.08, 0.3888, 486.00000000000006%, 50%, 0.01944 
2021-05-24T03:02:57.000Z, '0xa099c36078b8cb8be1cc3bd39e5cbc70f1fb5111', '0xa099c36078b8cb8be1cc3bd39e5cbc70f1fb5111', 6413, 0.08, 0.39, 487.5%, 50%, 0.0195 
2021-05-24T03:11:23.000Z, '0x263bb31e30907edaecd3cd95d7d43f93dd074b6b', '0x263bb31e30907edaecd3cd95d7d43f93dd074b6b', 4608, 0.08, 0.45, 562.5%, 50%, 0.0225 
2021-05-24T03:35:59.000Z, '0x1d3eda0356e492d51fde4ffb8651c549bdecbdca', '0x1d3eda0356e492d51fde4ffb8651c549bdecbdca', 4486, 0.08, 0.24000000000000005, 300.00000000000006%, 50%, 0.012000000000000003 
2021-05-24T03:51:24.000Z, '0x813ec5facf289bd41365a8f1c9038a1228e95201', '0x813ec5facf289bd41365a8f1c9038a1228e95201', 8059, 0.08, 0.49, 612.5%, 50%, 0.0245 
2021-05-24T04:31:23.000Z, '0x92f9caf16d9b23e794f3aa9615f4a56fad3fc3dd', '0x92f9caf16d9b23e794f3aa9615f4a56fad3fc3dd', 5357, 0.08, 0.45, 562.5%, 50%, 0.0225 
2021-05-24T04:57:19.000Z, '0x813ec5facf289bd41365a8f1c9038a1228e95201', '0x813ec5facf289bd41365a8f1c9038a1228e95201', 3852, 0.08, 0.46, 575%, 50%, 0.023 
2021-05-24T05:12:07.000Z, '0xb53349160e38739b37e4bbfcf950ed26e26fcb41', '0xb53349160e38739b37e4bbfcf950ed26e26fcb41', 5049, 0.08, 0.42, 525%, 50%, 0.021 
2021-05-24T05:54:24.000Z, '0xd387a6e4e84a6c86bd90c158c6028a58cc8ac459', '0xd387a6e4e84a6c86bd90c158c6028a58cc8ac459', 4817, 0.08, 0.38, 475%, 50%, 0.019 
2021-05-24T05:54:55.000Z, '0xd387a6e4e84a6c86bd90c158c6028a58cc8ac459', '0xd387a6e4e84a6c86bd90c158c6028a58cc8ac459', 8521, 0.08, 0.42, 525%, 50%, 0.021 
2021-05-24T05:56:57.000Z, '0xd387a6e4e84a6c86bd90c158c6028a58cc8ac459', '0xd387a6e4e84a6c86bd90c158c6028a58cc8ac459', 1764, 0.08, 0.4, 500%, 50%, 0.02 
2021-05-24T06:37:54.000Z, '0xd387a6e4e84a6c86bd90c158c6028a58cc8ac459', '0xd387a6e4e84a6c86bd90c158c6028a58cc8ac459', 4168, 0.08, 0.44, 550%, 50%, 0.022 
2021-05-24T06:47:25.000Z, '0x0709b103d46d71458a71e5d81230dd688809a53d', '0x0709b103d46d71458a71e5d81230dd688809a53d', 8884, 0.08, 0.43, 537.5%, 50%, 0.0215 
2021-05-24T07:17:20.000Z, '0xa9ce72f184b0779afcbb02a7c0fa17fbde2b9246', '0xa9ce72f184b0779afcbb02a7c0fa17fbde2b9246', 2246, 0.08, 1.3, 1625%, 50%, 0.065 
2021-05-24T07:17:35.000Z, '0xd387a6e4e84a6c86bd90c158c6028a58cc8ac459', '0xd387a6e4e84a6c86bd90c158c6028a58cc8ac459', 1862, 0.08, 0.55, 687.5%, 50%, 0.0275 
2021-05-24T07:29:28.000Z, '0x2acddd136d89a97252a014487d369cd6d4a0e1ed', '0x2acddd136d89a97252a014487d369cd6d4a0e1ed', 5068, 0.08, 0.8636, 1079.5%, 50%, 0.04318 
2021-05-24T08:22:47.000Z, '0x6903f3a1540946c34e3a577ad6ffcbe43356dcbe', '0x514b1861561fddf86baf8462e001a1584e1b7b83', 6911, 0.08, 0.41, 512.5%, 50%, 0.0205 
2021-05-24T08:23:34.000Z, '0x5091c124c738552d00086ce6c37f077c07856e74', '0x5091c124c738552d00086ce6c37f077c07856e74', 8781, 0.08, 0.7, 875%, 50%, 0.035 
2021-05-24T09:22:09.000Z, '0xa32fcc1b3d4e2b597cf626f98228e68b63ef46f0', '0xa32fcc1b3d4e2b597cf626f98228e68b63ef46f0', 9637, 0.08, 0.8499, 1062.375%, 50%, 0.042495 
2021-05-24T09:34:57.000Z, '0x95e8a4792d7e5bf6ce3973184400cc9c37b6ae67', '0x95e8a4792d7e5bf6ce3973184400cc9c37b6ae67', 6652, 0.08, 0.42, 525%, 50%, 0.021 
2021-05-24T09:37:45.000Z, '0x53fed1eb683745352886a363cc0b6e3415824ec8', '0x53fed1eb683745352886a363cc0b6e3415824ec8', 348, 0.08, 0.7999, 999.8749999999999%, 50%, 0.039995 
2021-05-24T09:47:07.000Z, '0x88d54132954d9a0cc090beb6a8f9bf08937854bd', '0x88d54132954d9a0cc090beb6a8f9bf08937854bd', 7659, 0.08, 0.39, 487.5%, 50%, 0.0195 
2021-05-24T09:58:52.000Z, '0x7b15e6c439b27a553b65a9904ce571da6691a0fb', '0x7b15e6c439b27a553b65a9904ce571da6691a0fb', 321, 0.08, 0.24400000000000008, 305.0000000000001%, 50%, 0.012200000000000004 
2021-05-24T10:08:30.000Z, '0x7b15e6c439b27a553b65a9904ce571da6691a0fb', '0x7b15e6c439b27a553b65a9904ce571da6691a0fb', 426, 0.08, 0.232, 290%, 50%, 0.0116 
2021-05-24T10:10:30.000Z, '0x7b15e6c439b27a553b65a9904ce571da6691a0fb', '0x7b15e6c439b27a553b65a9904ce571da6691a0fb', 179, 0.08, 0.24200000000000005, 302.50000000000006%, 50%, 0.012100000000000003 
2021-05-24T10:12:47.000Z, '0x7b15e6c439b27a553b65a9904ce571da6691a0fb', '0x7b15e6c439b27a553b65a9904ce571da6691a0fb', 313, 0.08, 0.268, 335%, 50%, 0.0134 
2021-05-24T10:23:32.000Z, '0xf41fa837908c0318a9a2b739c8fb990bfd4ac8a7', '0xf41fa837908c0318a9a2b739c8fb990bfd4ac8a7', 6650, 0.08, 0.383, 478.74999999999994%, 50%, 0.01915 
2021-05-24T10:30:37.000Z, '0xcf474bd551eb74d765451ec654022b147dc1a312', '0xcf474bd551eb74d765451ec654022b147dc1a312', 8595, 0.08, 0.55, 687.5%, 50%, 0.0275 
2021-05-24T10:37:22.000Z, '0xd387a6e4e84a6c86bd90c158c6028a58cc8ac459', '0xd387a6e4e84a6c86bd90c158c6028a58cc8ac459', 4875, 0.08, 0.6, 750%, 50%, 0.03 
2021-05-24T11:01:26.000Z, '0x1c1a6497068a8a0b1dba39420a846a6c12d350e8', '0x1c1a6497068a8a0b1dba39420a846a6c12d350e8', 1430, 0.08, 3, 3750%, 50%, 0.15 
2021-05-24T11:15:30.000Z, '0xa32fcc1b3d4e2b597cf626f98228e68b63ef46f0', '0xa32fcc1b3d4e2b597cf626f98228e68b63ef46f0', 6534, 0.08, 0.4999, 624.875%, 50%, 0.024995 
2021-05-24T11:22:36.000Z, '0x1d3eda0356e492d51fde4ffb8651c549bdecbdca', '0x1d3eda0356e492d51fde4ffb8651c549bdecbdca', 8846, 0.08, 0.28, 350%, 50%, 0.014 
2021-05-24T12:19:32.000Z, '0x53fed1eb683745352886a363cc0b6e3415824ec8', '0x7b15e6c439b27a553b65a9904ce571da6691a0fb', 313, 0.08, 0.6999, 874.8749999999999%, 50%, 0.034995 
2021-05-24T13:25:17.000Z, '0xdb4df088e85e5d66d2d2ab451d5ead618c124305', '0x1d3eda0356e492d51fde4ffb8651c549bdecbdca', 8846, 0.08, 0.38, 475%, 50%, 0.019 
2021-05-24T13:48:21.000Z, '0x3e415cbd89d9c5f0e7476e0f3e7dfe984d0f9fef', '0x3e415cbd89d9c5f0e7476e0f3e7dfe984d0f9fef', 9949, 0.08, 0.3, 375%, 50%, 0.015 
2021-05-24T13:51:46.000Z, '0xf5b413a42a2dd2bb5f568d9174d306bf7435ce29', '0xf5b413a42a2dd2bb5f568d9174d306bf7435ce29', 694, 0.08, 1.3, 1625%, 50%, 0.065 
2021-05-24T13:59:11.000Z, '0x3e415cbd89d9c5f0e7476e0f3e7dfe984d0f9fef', '0x3e415cbd89d9c5f0e7476e0f3e7dfe984d0f9fef', 9934, 0.08, 0.301, 376.25%, 50%, 0.01505 
2021-05-24T14:33:35.000Z, '0xd387a6e4e84a6c86bd90c158c6028a58cc8ac459', '0xd387a6e4e84a6c86bd90c158c6028a58cc8ac459', 2686, 0.08, 0.4, 500%, 50%, 0.02 
2021-05-24T14:43:34.000Z, '0x53fed1eb683745352886a363cc0b6e3415824ec8', '0x53fed1eb683745352886a363cc0b6e3415824ec8', 346, 0.08, 0.7999, 999.8749999999999%, 50%, 0.039995 
2021-05-24T14:51:19.000Z, '0xe7ba4861dab7fa95ae5fb8227de310133ca56a29', '0xe7ba4861dab7fa95ae5fb8227de310133ca56a29', 574, 0.08, 0.45, 562.5%, 50%, 0.0225 
2021-05-24T15:16:00.000Z, '0x5b60bbe9ea334ae6c1ad097e13609db5e7d69d47', '0x5b60bbe9ea334ae6c1ad097e13609db5e7d69d47', 1573, 0.08, 0.24800000000000005, 310.00000000000006%, 50%, 0.012400000000000003 
2021-05-24T15:19:50.000Z, '0x96079afc8e407f6020b6f2c6a854343a384ea2a5', '0x96079afc8e407f6020b6f2c6a854343a384ea2a5', 180, 0.08, 0.38, 475%, 50%, 0.019 
2021-05-24T15:20:12.000Z, '0x813ec5facf289bd41365a8f1c9038a1228e95201', '0x813ec5facf289bd41365a8f1c9038a1228e95201', 3865, 0.08, 0.69, 862.5%, 50%, 0.0345 
2021-05-24T15:22:24.000Z, '0xe7ba4861dab7fa95ae5fb8227de310133ca56a29', '0xe7ba4861dab7fa95ae5fb8227de310133ca56a29', 6860, 0.08, 0.75, 937.5%, 50%, 0.0375 
2021-05-24T15:48:23.000Z, '0x2e0d63ffcb08ea20ff3acdbb72dfec97343885d2', '0x2e0d63ffcb08ea20ff3acdbb72dfec97343885d2', 1108, 0.08, 0.55, 687.5%, 50%, 0.0275 
2021-05-24T15:51:27.000Z, '0xf41fa837908c0318a9a2b739c8fb990bfd4ac8a7', '0xf41fa837908c0318a9a2b739c8fb990bfd4ac8a7', 9580, 0.08, 0.359, 448.75%, 50%, 0.01795 
2021-05-24T16:19:03.000Z, '0xd387a6e4e84a6c86bd90c158c6028a58cc8ac459', '0xd387a6e4e84a6c86bd90c158c6028a58cc8ac459', 5504, 0.08, 0.4, 500%, 50%, 0.02 
2021-05-24T16:28:55.000Z, '0x72fae93d08a060a7f0a8919708c0db74ca46cbb6', '0x72fae93d08a060a7f0a8919708c0db74ca46cbb6', 149, 0.08, 0.397134828934945826, 496.4185361686823%, 50%, 0.019856741446747292 
2021-05-24T16:48:08.000Z, '0xd387a6e4e84a6c86bd90c158c6028a58cc8ac459', '0xd387a6e4e84a6c86bd90c158c6028a58cc8ac459', 4886, 0.08, 0.45, 562.5%, 50%, 0.0225 
2021-05-24T17:02:24.000Z, '0xd387a6e4e84a6c86bd90c158c6028a58cc8ac459', '0xd387a6e4e84a6c86bd90c158c6028a58cc8ac459', 2323, 0.08, 0.45, 562.5%, 50%, 0.0225 
2021-05-24T18:07:52.000Z, '0x8363b3c46c057f9218ddc2f8fa87994173b57d82', '0x8363b3c46c057f9218ddc2f8fa87994173b57d82', 5471, 0.08, 0.24600000000000008, 307.5000000000001%, 50%, 0.012300000000000004 
2021-05-24T18:27:20.000Z, '0x4d7bd6b18ffe526c901aec3c7a2b564bd2c376d5', '0x4d7bd6b18ffe526c901aec3c7a2b564bd2c376d5', 25, 0.08, 0.63, 787.5%, 50%, 0.0315 
2021-05-24T18:53:25.000Z, '0xee402489d83e2b22d496910f8c810d35a3ad7b25', '0xee402489d83e2b22d496910f8c810d35a3ad7b25', 3629, 0.08, 0.4, 500%, 50%, 0.02 
2021-05-24T19:05:27.000Z, '0x4e064ddcc82194c12c7ff5712a6e1938aee9abe8', '0x4e064ddcc82194c12c7ff5712a6e1938aee9abe8', 3286, 0.08, 0.395, 493.75%, 50%, 0.01975 
2021-05-24T19:14:14.000Z, '0xd387a6e4e84a6c86bd90c158c6028a58cc8ac459', '0xd387a6e4e84a6c86bd90c158c6028a58cc8ac459', 5497, 0.08, 0.4, 500%, 50%, 0.02 
2021-05-24T19:20:59.000Z, '0xf41fa837908c0318a9a2b739c8fb990bfd4ac8a7', '0x3e415cbd89d9c5f0e7476e0f3e7dfe984d0f9fef', 9934, 0.08, 0.3777, 472.12500000000006%, 50%, 0.018885 
2021-05-24T19:25:06.000Z, '0x4a9c2b7204570c8272ea72933176d4d591b08424', '0x4a9c2b7204570c8272ea72933176d4d591b08424', 5930, 0.08, 0.25200000000000006, 315.00000000000006%, 50%, 0.012600000000000003 
2021-05-24T19:52:44.000Z, '0x8e3da7c7e530e0e3204b74fc4495fc918dfd26ac', '0x8e3da7c7e530e0e3204b74fc4495fc918dfd26ac', 1166, 0.08, 0.36, 450%, 50%, 0.018 
2021-05-24T20:19:24.000Z, '0x8928b26de9ecc59cacdba095c6ed6237f48ddbd2', '0x8928b26de9ecc59cacdba095c6ed6237f48ddbd2', 7166, 0.08, 0.73, 912.5%, 50%, 0.0365 
2021-05-24T20:22:08.000Z, '0xd387a6e4e84a6c86bd90c158c6028a58cc8ac459', '0xd387a6e4e84a6c86bd90c158c6028a58cc8ac459', 1772, 0.08, 0.4, 500%, 50%, 0.02 
2021-05-24T20:34:54.000Z, '0xa1a18c3558365c098ad1306075d8ac9b9ab78219', '0xa1a18c3558365c098ad1306075d8ac9b9ab78219', 7552, 0.08, 0.36, 450%, 50%, 0.018 
2021-05-24T20:39:19.000Z, '0xd387a6e4e84a6c86bd90c158c6028a58cc8ac459', '0xd387a6e4e84a6c86bd90c158c6028a58cc8ac459', 2413, 0.08, 0.5, 625%, 50%, 0.025 
2021-05-24T20:43:17.000Z, '0x8e6df33545b05e1e79dc159c1c2133a3b7cea769', '0x8e6df33545b05e1e79dc159c1c2133a3b7cea769', 2148, 0.08, 0.399, 498.75%, 50%, 0.01995 
2021-05-24T20:51:58.000Z, '0x5221d7d15d2bc5cb7cd80858cfaea4849850818a', '0x5221d7d15d2bc5cb7cd80858cfaea4849850818a', 9166, 0.08, 0.74, 925%, 50%, 0.037 
2021-05-24T20:54:23.000Z, '0xd387a6e4e84a6c86bd90c158c6028a58cc8ac459', '0xd387a6e4e84a6c86bd90c158c6028a58cc8ac459', 2383, 0.08, 0.6, 750%, 50%, 0.03 
2021-05-24T21:02:47.000Z, '0x357931791284f40765b462aa7ad217ebf82920cb', '0x357931791284f40765b462aa7ad217ebf82920cb', 2167, 0.08, 1.23, 1537.5%, 50%, 0.0615 
2021-05-24T21:04:53.000Z, '0x1f08cbfca1f63a23bb6255a76e1ddeeb8d24d0fa', '0x1f08cbfca1f63a23bb6255a76e1ddeeb8d24d0fa', 2911, 0.08, 0.45, 562.5%, 50%, 0.0225 
2021-05-24T21:18:57.000Z, '0x1f454c648443d3f1f1731cfc11b38e6139613f99', '0x1f454c648443d3f1f1731cfc11b38e6139613f99', 7147, 0.08, 0.26000000000000006, 325.0000000000001%, 50%, 0.013000000000000003 
2021-05-24T21:29:59.000Z, '0x6903f3a1540946c34e3a577ad6ffcbe43356dcbe', '0x514b1861561fddf86baf8462e001a1584e1b7b83', 4992, 0.08, 0.47, 587.5%, 50%, 0.0235 
2021-05-24T22:24:59.000Z, '0x6903f3a1540946c34e3a577ad6ffcbe43356dcbe', '0x4a9c2b7204570c8272ea72933176d4d591b08424', 5930, 0.08, 0.31, 387.5%, 50%, 0.0155 
2021-05-24T22:31:20.000Z, '0x6903f3a1540946c34e3a577ad6ffcbe43356dcbe', '0x7b15e6c439b27a553b65a9904ce571da6691a0fb', 321, 0.08, 0.37, 462.5%, 50%, 0.0185 
2021-05-24T22:34:09.000Z, '0xb0dc0c7a91c34ac1698f9e7ec03104bdb3b42de3', '0xb0dc0c7a91c34ac1698f9e7ec03104bdb3b42de3', 7269, 0.08, 0.5, 625%, 50%, 0.025 
2021-05-24T23:06:10.000Z, '0x4e012d25472225f3385baa43ed64dfec5885c51d', '0x4e012d25472225f3385baa43ed64dfec5885c51d', 9030, 0.08, 0.455, 568.75%, 50%, 0.02275 
2021-05-24T23:07:30.000Z, '0xd5a9c4a92dde274e126f82b215fccb511147cd8e', '0xd5a9c4a92dde274e126f82b215fccb511147cd8e', 3652, 0.08, 0.419, 523.75%, 50%, 0.02095 
2021-05-24T23:26:39.000Z, '0xd387a6e4e84a6c86bd90c158c6028a58cc8ac459', '0xd387a6e4e84a6c86bd90c158c6028a58cc8ac459', 5632, 0.08, 0.4, 500%, 50%, 0.02 
2021-05-24T23:32:09.000Z, '0x184dfd1197187c8ffc88da905fbacd31b739fa41', '0x184dfd1197187c8ffc88da905fbacd31b739fa41', 2791, 0.08, 0.4, 500%, 50%, 0.02 
2021-05-24T23:32:46.000Z, '0x91cda41a25057b30cd003dde076dc91f7a9cb6d9', '0x91cda41a25057b30cd003dde076dc91f7a9cb6d9', 3029, 0.08, 0.45, 562.5%, 50%, 0.0225 
2021-05-24T23:41:57.000Z, '0x4e064ddcc82194c12c7ff5712a6e1938aee9abe8', '0x4e064ddcc82194c12c7ff5712a6e1938aee9abe8', 3295, 0.08, 0.395, 493.75%, 50%, 0.01975 
2021-05-24T23:48:31.000Z, '0x184dfd1197187c8ffc88da905fbacd31b739fa41', '0x184dfd1197187c8ffc88da905fbacd31b739fa41', 6750, 0.08, 0.4, 500%, 50%, 0.02 
2021-05-25T00:48:44.000Z, '0xa0fec1a6b8453873041c7529906de5c1acc1b26a', '0xa0fec1a6b8453873041c7529906de5c1acc1b26a', 5031, 0.08, 2.9, 3625%, 50%, 0.145 
2021-05-25T00:52:54.000Z, '0xd387a6e4e84a6c86bd90c158c6028a58cc8ac459', '0xd387a6e4e84a6c86bd90c158c6028a58cc8ac459', 3712, 0.08, 0.4, 500%, 50%, 0.02 
2021-05-25T00:55:00.000Z, '0x529d67727cc18ed45c305bd2517d674a81923b3d', '0x529d67727cc18ed45c305bd2517d674a81923b3d', 8033, 0.08, 0.44, 550%, 50%, 0.022 
2021-05-25T01:02:41.000Z, '0x1a1f01f50e00cb2305395ee73141b70fa5b2f4d5', '0x1a1f01f50e00cb2305395ee73141b70fa5b2f4d5', 3803, 0.08, 0.43, 537.5%, 50%, 0.0215 
2021-05-25T01:07:02.000Z, '0x95e8a4792d7e5bf6ce3973184400cc9c37b6ae67', '0x95e8a4792d7e5bf6ce3973184400cc9c37b6ae67', 5317, 0.08, 0.52, 650%, 50%, 0.026 
2021-05-25T01:23:05.000Z, '0x813ec5facf289bd41365a8f1c9038a1228e95201', '0x813ec5facf289bd41365a8f1c9038a1228e95201', 8077, 0.08, 0.46, 575%, 50%, 0.023 
2021-05-25T01:42:24.000Z, '0xb32e083709588a1b3fa9c115c48051e61cbeba0a', '0xd387a6e4e84a6c86bd90c158c6028a58cc8ac459', 5499, 0.08, 0.41, 512.5%, 50%, 0.0205 
2021-05-25T02:22:37.000Z, '0x442dccee68425828c106a3662014b4f131e3bd9b', '0x442dccee68425828c106a3662014b4f131e3bd9b', 1493, 0.08, 1.22, 1525%, 50%, 0.061 
2021-05-25T02:37:26.000Z, '0x99b2648be337168035103df00d84317d1af2ded5', '0x99b2648be337168035103df00d84317d1af2ded5', 5750, 0.08, 0.4201, 525.125%, 50%, 0.021005 
2021-05-25T03:31:03.000Z, '0x4e012d25472225f3385baa43ed64dfec5885c51d', '0x4e012d25472225f3385baa43ed64dfec5885c51d', 219, 0.08, 0.41, 512.5%, 50%, 0.0205 
2021-05-25T03:35:48.000Z, '0xb072f09e1cb0f90aae203f0846a1fa0ae0b6aa2c', '0xb072f09e1cb0f90aae203f0846a1fa0ae0b6aa2c', 8710, 0.08, 0.5, 625%, 50%, 0.025 
2021-05-25T04:06:57.000Z, '0x961351c8428d4ba2802c85d46131d952cb5e13c6', '0x961351c8428d4ba2802c85d46131d952cb5e13c6', 4748, 0.08, 0.5, 625%, 50%, 0.025 
2021-05-25T05:02:54.000Z, '0x69bab6810fa99475854bca0a3dd72ae6a0728ece', '0x69bab6810fa99475854bca0a3dd72ae6a0728ece', 2904, 0.08, 0.3998, 499.74999999999994%, 50%, 0.01999 
2021-05-25T05:09:27.000Z, '0xaba265d6b09197753b5044ba7399455683fb39ea', '0xaba265d6b09197753b5044ba7399455683fb39ea', 9153, 0.08, 0.8, 1000%, 50%, 0.04 
2021-05-25T05:26:37.000Z, '0xd387a6e4e84a6c86bd90c158c6028a58cc8ac459', '0xd387a6e4e84a6c86bd90c158c6028a58cc8ac459', 5251, 0.08, 0.4, 500%, 50%, 0.02 
2021-05-25T05:30:56.000Z, '0xd387a6e4e84a6c86bd90c158c6028a58cc8ac459', '0xd387a6e4e84a6c86bd90c158c6028a58cc8ac459', 1705, 0.08, 0.35, 437.5%, 50%, 0.0175 
2021-05-25T05:47:53.000Z, '0xef651aeb3f20ee4e2bcd22e111d202cde25184bb', '0xef651aeb3f20ee4e2bcd22e111d202cde25184bb', 9835, 0.08, 0.399, 498.75%, 50%, 0.01995 
2021-05-25T05:51:59.000Z, '0xd387a6e4e84a6c86bd90c158c6028a58cc8ac459', '0xd387a6e4e84a6c86bd90c158c6028a58cc8ac459', 5891, 0.08, 0.365, 456.25%, 50%, 0.01825 
2021-05-25T05:52:36.000Z, '0xd387a6e4e84a6c86bd90c158c6028a58cc8ac459', '0xd387a6e4e84a6c86bd90c158c6028a58cc8ac459', 2756, 0.08, 0.47, 587.5%, 50%, 0.0235 
2021-05-25T05:52:58.000Z, '0xd387a6e4e84a6c86bd90c158c6028a58cc8ac459', '0xd387a6e4e84a6c86bd90c158c6028a58cc8ac459', 4153, 0.08, 0.65, 812.5%, 50%, 0.0325 
2021-05-25T05:53:11.000Z, '0xd387a6e4e84a6c86bd90c158c6028a58cc8ac459', '0xd387a6e4e84a6c86bd90c158c6028a58cc8ac459', 9376, 0.08, 0.45, 562.5%, 50%, 0.0225 
2021-05-25T05:56:07.000Z, '0x8ed5003d47e6b8a7024ef9cee90403ed786b151e', '0x8ed5003d47e6b8a7024ef9cee90403ed786b151e', 322, 0.08, 0.3, 375%, 50%, 0.015 
2021-05-25T05:56:07.000Z, '0xd387a6e4e84a6c86bd90c158c6028a58cc8ac459', '0xd387a6e4e84a6c86bd90c158c6028a58cc8ac459', 8422, 0.08, 1.25, 1562.5%, 50%, 0.0625 
2021-05-25T06:19:36.000Z, '0x6903f3a1540946c34e3a577ad6ffcbe43356dcbe', '0x5b60bbe9ea334ae6c1ad097e13609db5e7d69d47', 1573, 0.08, 0.35, 437.5%, 50%, 0.0175 
2021-05-25T06:46:24.000Z, '0x7d8673f294f1ddc2e703a01af3205fb98a984a58', '0x7d8673f294f1ddc2e703a01af3205fb98a984a58', 3063, 0.08, 0.45, 562.5%, 50%, 0.0225 
2021-05-25T07:35:06.000Z, '0x2506cd8c7bee35ebe54670bd28eb00692eacd426', '0x2506cd8c7bee35ebe54670bd28eb00692eacd426', 9004, 0.08, 1, 1250%, 50%, 0.05 
2021-05-25T07:43:54.000Z, '0xd5d43e8b189f12b11e620f51937e5d1c072f9cdc', '0xd5d43e8b189f12b11e620f51937e5d1c072f9cdc', 6120, 0.08, 1.09, 1362.5%, 50%, 0.0545 
2021-05-25T07:45:44.000Z, '0x8a4ac0cd96828466e10ffe0c4839ee2a7a2fe76f', '0x8a4ac0cd96828466e10ffe0c4839ee2a7a2fe76f', 1527, 0.08, 1.1777, 1472.125%, 50%, 0.058885 
2021-05-25T07:50:05.000Z, '0xd387a6e4e84a6c86bd90c158c6028a58cc8ac459', '0xd387a6e4e84a6c86bd90c158c6028a58cc8ac459', 5177, 0.08, 1.5, 1875%, 50%, 0.075 
2021-05-25T07:54:25.000Z, '0x6903f3a1540946c34e3a577ad6ffcbe43356dcbe', '0x1d3eda0356e492d51fde4ffb8651c549bdecbdca', 4486, 0.08, 0.36, 450%, 50%, 0.018 
2021-05-25T08:21:28.000Z, '0xe9a75f81a34a5d1c39fb1ebb8dfc7904cc104b8e', '0x5b60bbe9ea334ae6c1ad097e13609db5e7d69d47', 1573, 0.08, 0.315, 393.75%, 50%, 0.01575 
2021-05-25T09:03:39.000Z, '0xd387a6e4e84a6c86bd90c158c6028a58cc8ac459', '0xd387a6e4e84a6c86bd90c158c6028a58cc8ac459', 2363, 0.08, 1.65, 2062.5%, 50%, 0.0825 
2021-05-25T09:14:42.000Z, '0xd387a6e4e84a6c86bd90c158c6028a58cc8ac459', '0xd387a6e4e84a6c86bd90c158c6028a58cc8ac459', 5895, 0.08, 2.07, 2587.5%, 50%, 0.1035 
2021-05-25T09:15:07.000Z, '0xd387a6e4e84a6c86bd90c158c6028a58cc8ac459', '0xd387a6e4e84a6c86bd90c158c6028a58cc8ac459', 2580, 0.08, 0.35, 437.5%, 50%, 0.0175 
2021-05-25T09:15:35.000Z, '0xd387a6e4e84a6c86bd90c158c6028a58cc8ac459', '0xd387a6e4e84a6c86bd90c158c6028a58cc8ac459', 1778, 0.08, 0.5, 625%, 50%, 0.025 
2021-05-25T09:18:19.000Z, '0xd387a6e4e84a6c86bd90c158c6028a58cc8ac459', '0xd387a6e4e84a6c86bd90c158c6028a58cc8ac459', 1900, 0.08, 0.5, 625%, 50%, 0.025 
2021-05-25T09:37:13.000Z, '0x813ec5facf289bd41365a8f1c9038a1228e95201', '0x813ec5facf289bd41365a8f1c9038a1228e95201', 8069, 0.08, 0.39, 487.5%, 50%, 0.0195 
2021-05-25T09:37:57.000Z, '0x1add18a1643caf074711e40b2afaf73354d1f743', '0x1add18a1643caf074711e40b2afaf73354d1f743', 8741, 0.08, 0.39, 487.5%, 50%, 0.0195 
2021-05-25T10:10:44.000Z, '0xd387a6e4e84a6c86bd90c158c6028a58cc8ac459', '0xd387a6e4e84a6c86bd90c158c6028a58cc8ac459', 4831, 0.08, 0.4, 500%, 50%, 0.02 
2021-05-25T11:13:22.000Z, '0x9d4c1c518442ad9eb23cb79a4792d508b49c81af', '0x9d4c1c518442ad9eb23cb79a4792d508b49c81af', 9760, 0.08, 0.39, 487.5%, 50%, 0.0195 
2021-05-25T11:17:26.000Z, '0xd387a6e4e84a6c86bd90c158c6028a58cc8ac459', '0xd387a6e4e84a6c86bd90c158c6028a58cc8ac459', 1975, 0.08, 0.4, 500%, 50%, 0.02 
2021-05-25T11:18:50.000Z, '0x9f2426e4dec93ed8fdca1dabb5ecba80e1658021', '0x9f2426e4dec93ed8fdca1dabb5ecba80e1658021', 4953, 0.08, 0.58, 725%, 50%, 0.029 
2021-05-25T11:18:56.000Z, '0x3176202d2ddee94c063e20174bfcc54af821e938', '0x3176202d2ddee94c063e20174bfcc54af821e938', 8943, 0.08, 0.39, 487.5%, 50%, 0.0195 
2021-05-25T11:35:50.000Z, '0x7193b82899461a6ac45b528d48d74355f54e7f56', '0x7193b82899461a6ac45b528d48d74355f54e7f56', 6966, 0.08, 0.49, 612.5%, 50%, 0.0245 
2021-05-25T11:43:52.000Z, '0xd387a6e4e84a6c86bd90c158c6028a58cc8ac459', '0xd387a6e4e84a6c86bd90c158c6028a58cc8ac459', 1788, 0.08, 0.45, 562.5%, 50%, 0.0225 
2021-05-25T11:50:33.000Z, '0xafb6665f9213fa14dc338b2a726b347e9b237715', '0xafb6665f9213fa14dc338b2a726b347e9b237715', 390, 0.08, 0.429421799521899705, 536.7772494023745%, 50%, 0.021471089976094986 
2021-05-25T12:16:58.000Z, '0xe0da8ed5b7b775b5fdf285131646fe2f54ef0005', '0xe0da8ed5b7b775b5fdf285131646fe2f54ef0005', 1308, 0.08, 1.5, 1875%, 50%, 0.075 
2021-05-25T12:57:09.000Z, '0x8363b3c46c057f9218ddc2f8fa87994173b57d82', '0x8363b3c46c057f9218ddc2f8fa87994173b57d82', 5472, 0.08, 0.27, 337.5%, 50%, 0.0135 
2021-05-25T13:40:56.000Z, '0xd387a6e4e84a6c86bd90c158c6028a58cc8ac459', '0xd387a6e4e84a6c86bd90c158c6028a58cc8ac459', 2812, 0.08, 0.4, 500%, 50%, 0.02 
2021-05-25T13:43:17.000Z, '0x3d6a89c8751a45dd577a4c1f3b34e71c58236193', '0x3d6a89c8751a45dd577a4c1f3b34e71c58236193', 4006, 0.08, 1.6, 2000%, 50%, 0.08 
2021-05-25T14:26:27.000Z, '0x896a1b7b96569340027648ed8a64776e928df2f4', '0x896a1b7b96569340027648ed8a64776e928df2f4', 9080, 0.08, 0.99, 1237.5%, 50%, 0.0495 
2021-05-25T14:52:35.000Z, '0x25005b3f6402ab7f5e4f8cb293a50a9020aadc99', '0x3e415cbd89d9c5f0e7476e0f3e7dfe984d0f9fef', 9934, 0.08, 0.43, 537.5%, 50%, 0.0215 
2021-05-25T15:18:40.000Z, '0xd7f5663e7e93f0c1fb9347c9aef4a17f23522a37', '0xd7f5663e7e93f0c1fb9347c9aef4a17f23522a37', 7391, 0.08, 0.6, 750%, 50%, 0.03 
2021-05-25T15:38:11.000Z, '0x813ec5facf289bd41365a8f1c9038a1228e95201', '0x813ec5facf289bd41365a8f1c9038a1228e95201', 7024, 0.08, 0.46, 575%, 50%, 0.023 
2021-05-25T16:17:35.000Z, '0xd61c66607c0ba44172bd5c5f5b7c0fd79d64c6c8', '0xd61c66607c0ba44172bd5c5f5b7c0fd79d64c6c8', 7855, 0.08, 0.489, 611.25%, 50%, 0.02445 
2021-05-25T16:43:51.000Z, '0xd387a6e4e84a6c86bd90c158c6028a58cc8ac459', '0xd387a6e4e84a6c86bd90c158c6028a58cc8ac459', 2369, 0.08, 0.4, 500%, 50%, 0.02 
2021-05-25T16:47:00.000Z, '0xaa8f52bf999cd9c32cde0e435b9696c161b28076', '0xaa8f52bf999cd9c32cde0e435b9696c161b28076', 2935, 0.08, 0.49, 612.5%, 50%, 0.0245 
2021-05-25T17:11:21.000Z, '0xd387a6e4e84a6c86bd90c158c6028a58cc8ac459', '0xd387a6e4e84a6c86bd90c158c6028a58cc8ac459', 5625, 0.08, 0.4, 500%, 50%, 0.02 
2021-05-25T17:22:09.000Z, '0x7c5db18fe5954a14715507c8a01faba69aa770d3', '0x7c5db18fe5954a14715507c8a01faba69aa770d3', 2949, 0.08, 0.4, 500%, 50%, 0.02 
2021-05-25T17:55:51.000Z, '0xd387a6e4e84a6c86bd90c158c6028a58cc8ac459', '0xd387a6e4e84a6c86bd90c158c6028a58cc8ac459', 2422, 0.08, 0.4, 500%, 50%, 0.02 
2021-05-25T17:59:48.000Z, '0xbc719aac21abf284a1f1a901efc17c0cb1947782', '0xbc719aac21abf284a1f1a901efc17c0cb1947782', 5263, 0.08, 0.39, 487.5%, 50%, 0.0195 
2021-05-25T18:07:35.000Z, '0xb53349160e38739b37e4bbfcf950ed26e26fcb41', '0xb53349160e38739b37e4bbfcf950ed26e26fcb41', 2838, 0.08, 0.42, 525%, 50%, 0.021 
2021-05-25T19:34:46.000Z, '0x6903f3a1540946c34e3a577ad6ffcbe43356dcbe', '0x7b15e6c439b27a553b65a9904ce571da6691a0fb', 426, 0.08, 0.6, 750%, 50%, 0.03 
2021-05-25T19:47:06.000Z, '0x167539702b5501aadd9b0b85e53532fd57cc71a9', '0x167539702b5501aadd9b0b85e53532fd57cc71a9', 8036, 0.08, 1, 1250%, 50%, 0.05 
2021-05-25T20:08:05.000Z, '0xb53349160e38739b37e4bbfcf950ed26e26fcb41', '0xb53349160e38739b37e4bbfcf950ed26e26fcb41', 2068, 0.08, 0.42, 525%, 50%, 0.021 
2021-05-25T20:16:41.000Z, '0x558dcef4b21665d44092c76efda6d03745a2c79b', '0x558dcef4b21665d44092c76efda6d03745a2c79b', 7128, 0.08, 0.3, 375%, 50%, 0.015 
2021-05-25T21:13:05.000Z, '0x0e07ecb7ea74b53f41a3c82b9ff7323512866ce8', '0x0e07ecb7ea74b53f41a3c82b9ff7323512866ce8', 8847, 0.08, 0.25, 312.5%, 50%, 0.0125 
2021-05-25T21:15:14.000Z, '0x69bab6810fa99475854bca0a3dd72ae6a0728ece', '0x69bab6810fa99475854bca0a3dd72ae6a0728ece', 3735, 0.08, 0.6888, 861%, 50%, 0.03444 
2021-05-25T21:20:16.000Z, '0x8928b26de9ecc59cacdba095c6ed6237f48ddbd2', '0x8928b26de9ecc59cacdba095c6ed6237f48ddbd2', 7157, 0.08, 0.4, 500%, 50%, 0.02 
2021-05-25T21:27:23.000Z, '0xa1bdea71b1e391b6742cfb1df63e9f41a4759197', '0xa1bdea71b1e391b6742cfb1df63e9f41a4759197', 9775, 0.08, 0.89, 1112.5%, 50%, 0.0445 
2021-05-25T21:54:01.000Z, '0xf2dc8bf24ad10d1a0b03054f96bfc67de07b6d60', '0xf2dc8bf24ad10d1a0b03054f96bfc67de07b6d60', 8869, 0.08, 0.5, 625%, 50%, 0.025 
2021-05-25T21:57:41.000Z, '0x9de6405c0c7512ee94bcb79b860668a52aa7fad2', '0x9de6405c0c7512ee94bcb79b860668a52aa7fad2', 9140, 0.08, 0.63, 787.5%, 50%, 0.0315 
2021-05-25T22:09:59.000Z, '0x53fed1eb683745352886a363cc0b6e3415824ec8', '0x7b15e6c439b27a553b65a9904ce571da6691a0fb', 179, 0.08, 0.3999, 499.875%, 50%, 0.019995 
2021-05-25T22:11:16.000Z, '0xd387a6e4e84a6c86bd90c158c6028a58cc8ac459', '0xd387a6e4e84a6c86bd90c158c6028a58cc8ac459', 4155, 0.08, 1.5, 1875%, 50%, 0.075 
2021-05-25T22:43:22.000Z, '0xd5a9c4a92dde274e126f82b215fccb511147cd8e', '0xd5a9c4a92dde274e126f82b215fccb511147cd8e', 3658, 0.08, 0.529, 661.25%, 50%, 0.02645 
2021-05-25T22:48:30.000Z, '0x1332706a6b68b80c24f7d5fe1d24379c34265e59', '0x1332706a6b68b80c24f7d5fe1d24379c34265e59', 6393, 0.08, 0.5, 625%, 50%, 0.025 
2021-05-25T23:20:57.000Z, '0xa02bfd4376c12983a9749e609b209a87ed3e287c', '0xa02bfd4376c12983a9749e609b209a87ed3e287c', 8692, 0.08, 0.45, 562.5%, 50%, 0.0225 
2021-05-25T23:25:00.000Z, '0xd387a6e4e84a6c86bd90c158c6028a58cc8ac459', '0xd387a6e4e84a6c86bd90c158c6028a58cc8ac459', 3681, 0.08, 0.45, 562.5%, 50%, 0.0225 